,Pourcentage d'importance,Variable
0,18.731286811073154,AMT_REQ_CREDIT_BUREAU_YEAR
1,15.025433761231339,HOUR_APPR_PROCESS_START
2,8.50965174490458,CNT_CHILDREN
3,8.103341957561048,OBS_30_CNT_SOCIAL_CIRCLE
4,4.358538187664299,AMT_REQ_CREDIT_BUREAU_QRT
5,4.223466823598411,REGION_RATING_CLIENT
6,3.7727939568702684,AMT_REQ_CREDIT_BUREAU_MON
7,3.467804042778482,FLAG_PHONE
8,3.2779532928537702,OBS_60_CNT_SOCIAL_CIRCLE
9,2.8713956986591977,DEF_30_CNT_SOCIAL_CIRCLE
